time,mRNA
0.0,9.886965805161148
1.0,21.286045093051644
2.0,9.554143728587022
3.0,6.728532899693465
4.0,6.76446516306276
5.0,8.500287450191122
6.0,8.171746323284017
7.0,8.561027312932751
8.0,8.553327599686654
9.0,8.382952952498895
10.0,8.380299636279064
11.0,8.256871540459679
12.0,8.715881162848476
13.0,8.111216734665131
14.0,8.070202891553778
15.0,7.59108827562906
16.0,7.740395277300677
