time	P
0	2.28037301295099
1000	55.5999460338941
2000	108.087998011978
3000	161.488554976923
4000	210.124593437186
5000	262.038528395393
6000	309.976784567455
7000	359.293418216839
8000	406.83559802995
9000	447.66589871921
10000	487.909959904884
11000	522.1321905722
12000	550.277084480432
13000	571.523881921729
14000	586.159077878055
15000	591.288654758733
16000	597.570969143045
17000	602.046427641822
18000	600.936606067445
19000	599.38630460918
20000	598.133019811366
