Time,mRNA
0.0,9.886288299614813
1.0,21.408906497769962
2.0,9.607019383801713
3.0,6.763145660222809
4.0,6.797457034022035
5.0,8.541483830000733
6.0,8.210094132463777
7.0,8.602280613994434
8.0,8.59515913358854
9.0,8.42394597529759
10.0,8.421181399018874
11.0,8.296877075137465
12.0,8.758581192995369
13.0,8.15030727493699
14.0,8.10907891177792
15.0,7.627107774776338
16.0,7.777308021189697
